{"cameraMode":{"drawMode":0,"name":"Shaded","section":"Shading Mode"},"sceneLighting":true,"audioPlay":false,"sceneViewState":{"showFog":true,"showMaterialUpdate":false,"showSkybox":true,"showFlares":true,"showImageEffects":true,"showParticleSystems":true},"in2DMode":false,"pivot":{"x":0.18092548847198487,"y":-5.390549659729004,"z":8.787528991699219},"rotation":{"x":-0.04277060925960541,"y":0.8830441236495972,"z":-0.4600699543952942,"w":-0.08209254592657089},"size":5.770048141479492,"orthographic":false}