{"cameraMode":{"drawMode":0,"name":"Shaded","section":"Shading Mode"},"sceneLighting":true,"audioPlay":false,"sceneViewState":{"showFog":true,"showMaterialUpdate":false,"showSkybox":true,"showFlares":true,"showImageEffects":true,"showParticleSystems":true},"in2DMode":false,"pivot":{"x":1.2104414701461793,"y":1.24169921875,"z":14.057612419128418},"rotation":{"x":0.2827465534210205,"y":0.2863483428955078,"z":-0.08885585516691208,"w":0.9111382365226746},"size":0.9085002541542053,"orthographic":true}