{"cameraMode":{"drawMode":0,"name":"Shaded","section":"Shading Mode"},"sceneLighting":true,"audioPlay":false,"sceneViewState":{"showFog":true,"showMaterialUpdate":false,"showSkybox":true,"showFlares":true,"showImageEffects":true,"showParticleSystems":true},"in2DMode":false,"pivot":{"x":3.2950439453125,"y":1.83306884765625,"z":14.92303466796875},"rotation":{"x":-0.12352390587329865,"y":0.8280593156814575,"z":-0.22961385548114777,"w":-0.49727529287338259},"size":0.9601348638534546,"orthographic":true}